confidence,edge_id,example_title,provenance,provider_version,relation,source_document,source_path,source_type,support_count,target_path,target_type,annotator_1_valid,annotator_2_valid,notes
0.55,ref:aws_sagemaker_model.security_group_ids->aws_security_group.id,,schema_reference_hint,5.90.0,REQUIRES_VALUE_OF_TYPE,,security_group_ids,aws_sagemaker_model,1,id,aws_security_group,,,
0.55,ref:aws_ram_principal_association.->aws_ram_resource_share.id,,documentation_example,5.90.0,REQUIRES_VALUE_OF_TYPE,,,aws_ram_principal_association,1,id,aws_ram_resource_share,,,
0.55,ref:aws_cognito_user_pool_domain.->aws_acm_certificate.id,,documentation_example,5.90.0,REQUIRES_VALUE_OF_TYPE,,,aws_cognito_user_pool_domain,1,id,aws_acm_certificate,,,
0.55,ref:aws_dynamodb_global_table.->aws_dynamodb_table.id,,documentation_example,5.90.0,REQUIRES_VALUE_OF_TYPE,,,aws_dynamodb_global_table,1,id,aws_dynamodb_table,,,
0.55,ref:aws_network_interface_attachment.->aws_network_interface.id,,documentation_example,5.90.0,REQUIRES_VALUE_OF_TYPE,,,aws_network_interface_attachment,1,id,aws_network_interface,,,
0.55,ref:aws_cognito_managed_user_pool_client.->aws_iam_policy_document.id,,documentation_example,5.90.0,REQUIRES_VALUE_OF_TYPE,,,aws_cognito_managed_user_pool_client,1,id,aws_iam_policy_document,,,
0.55,ref:aws_api_gateway_usage_plan.->aws_api_gateway_deployment.id,,documentation_example,5.90.0,REQUIRES_VALUE_OF_TYPE,,,aws_api_gateway_usage_plan,1,id,aws_api_gateway_deployment,,,
0.55,ref:aws_sesv2_email_identity_feedback_attributes.->aws_sesv2_email_identity.id,,documentation_example,5.90.0,REQUIRES_VALUE_OF_TYPE,,,aws_sesv2_email_identity_feedback_attributes,1,id,aws_sesv2_email_identity,,,
0.55,ref:aws_opensearch_inbound_connection_accepter.->aws_caller_identity.id,,documentation_example,5.90.0,REQUIRES_VALUE_OF_TYPE,,,aws_opensearch_inbound_connection_accepter,1,id,aws_caller_identity,,,
0.55,ref:aws_iam_principal_policy_simulation.->aws_s3_bucket.id,,documentation_example,5.90.0,REQUIRES_VALUE_OF_TYPE,,,aws_iam_principal_policy_simulation,1,id,aws_s3_bucket,,,
0.55,ref:aws_opensearch_domain_saml_options.->aws_opensearch_domain.id,,documentation_example,5.90.0,REQUIRES_VALUE_OF_TYPE,,,aws_opensearch_domain_saml_options,1,id,aws_opensearch_domain,,,
0.55,ref:aws_quicksight_data_source.->aws_s3_bucket.id,,documentation_example,5.90.0,REQUIRES_VALUE_OF_TYPE,,,aws_quicksight_data_source,1,id,aws_s3_bucket,,,
0.55,ref:aws_appmesh_route.->aws_appmesh_mesh.id,,documentation_example,5.90.0,REQUIRES_VALUE_OF_TYPE,,,aws_appmesh_route,1,id,aws_appmesh_mesh,,,
0.55,ref:aws_cognito_user_pool.kms_key_id->aws_kms_key.id,,schema_reference_hint,5.90.0,REQUIRES_VALUE_OF_TYPE,,kms_key_id,aws_cognito_user_pool,1,id,aws_kms_key,,,
0.55,ref:aws_networkfirewall_rule_group.->aws_ec2_managed_prefix_list.id,,documentation_example,5.90.0,REQUIRES_VALUE_OF_TYPE,,,aws_networkfirewall_rule_group,1,id,aws_ec2_managed_prefix_list,,,
0.55,ref:aws_elasticsearch_domain.kms_key_id->aws_kms_key.id,,schema_reference_hint,5.90.0,REQUIRES_VALUE_OF_TYPE,,kms_key_id,aws_elasticsearch_domain,1,id,aws_kms_key,,,
0.55,ref:aws_opsworks_haproxy_layer.->aws_opsworks_stack.id,,documentation_example,5.90.0,REQUIRES_VALUE_OF_TYPE,,,aws_opsworks_haproxy_layer,1,id,aws_opsworks_stack,,,
0.55,ref:aws_quicksight_data_source.role_arn->aws_iam_role.id,,schema_reference_hint,5.90.0,REQUIRES_VALUE_OF_TYPE,,role_arn,aws_quicksight_data_source,1,id,aws_iam_role,,,
0.55,ref:aws_macie2_classification_job.->aws_macie2_account.id,,documentation_example,5.90.0,REQUIRES_VALUE_OF_TYPE,,,aws_macie2_classification_job,1,id,aws_macie2_account,,,
0.55,ref:aws_lambda_permission.->aws_lambda_function.id,,documentation_example,5.90.0,REQUIRES_VALUE_OF_TYPE,,,aws_lambda_permission,1,id,aws_lambda_function,,,
0.55,ref:aws_vpc_endpoint_policy.->aws_vpc.id,,documentation_example,5.90.0,REQUIRES_VALUE_OF_TYPE,,,aws_vpc_endpoint_policy,1,id,aws_vpc,,,
0.55,ref:aws_fsx_data_repository_association.->aws_subnet.id,,documentation_example,5.90.0,REQUIRES_VALUE_OF_TYPE,,,aws_fsx_data_repository_association,1,id,aws_subnet,,,
0.55,ref:aws_appsync_function.api_id->aws_apigatewayv2_api.id,,schema_reference_hint,5.90.0,REQUIRES_VALUE_OF_TYPE,,api_id,aws_appsync_function,1,id,aws_apigatewayv2_api,,,
0.55,ref:aws_ssoadmin_customer_managed_policy_attachment.->aws_iam_policy.id,,documentation_example,5.90.0,REQUIRES_VALUE_OF_TYPE,,,aws_ssoadmin_customer_managed_policy_attachment,1,id,aws_iam_policy,,,
0.55,ref:aws_msk_scram_secret_association.->aws_secretsmanager_secret.id,,documentation_example,5.90.0,REQUIRES_VALUE_OF_TYPE,,,aws_msk_scram_secret_association,1,id,aws_secretsmanager_secret,,,
0.55,ref:aws_docdb_cluster_snapshot.->aws_docdb_cluster.id,,documentation_example,5.90.0,REQUIRES_VALUE_OF_TYPE,,,aws_docdb_cluster_snapshot,1,id,aws_docdb_cluster,,,
0.55,ref:aws_ssm_parameter.key_id->aws_kms_key.id,,schema_reference_hint,5.90.0,REQUIRES_VALUE_OF_TYPE,,key_id,aws_ssm_parameter,1,id,aws_kms_key,,,
0.55,ref:aws_ecs_container_definition.->aws_ecs_task_definition.id,,documentation_example,5.90.0,REQUIRES_VALUE_OF_TYPE,,,aws_ecs_container_definition,1,id,aws_ecs_task_definition,,,
0.55,ref:aws_fsx_ontap_file_system.->aws_subnet.id,,documentation_example,5.90.0,REQUIRES_VALUE_OF_TYPE,,,aws_fsx_ontap_file_system,1,id,aws_subnet,,,
0.55,ref:aws_dataexchange_revision.->aws_dataexchange_data_set.id,,documentation_example,5.90.0,REQUIRES_VALUE_OF_TYPE,,,aws_dataexchange_revision,1,id,aws_dataexchange_data_set,,,
0.55,ref:aws_db_proxy_target.->aws_db_proxy_default_target_group.id,,documentation_example,5.90.0,REQUIRES_VALUE_OF_TYPE,,,aws_db_proxy_target,1,id,aws_db_proxy_default_target_group,,,
0.55,ref:aws_iam_user.->aws_iam_policy_document.id,,documentation_example,5.90.0,REQUIRES_VALUE_OF_TYPE,,,aws_iam_user,1,id,aws_iam_policy_document,,,
0.55,ref:aws_sagemaker_workforce.->aws_cognito_user_pool.id,,documentation_example,5.90.0,REQUIRES_VALUE_OF_TYPE,,,aws_sagemaker_workforce,1,id,aws_cognito_user_pool,,,
0.55,ref:aws_ec2_transit_gateway_multicast_domain.->aws_ec2_transit_gateway_vpc_attachment.id,,documentation_example,5.90.0,REQUIRES_VALUE_OF_TYPE,,,aws_ec2_transit_gateway_multicast_domain,1,id,aws_ec2_transit_gateway_vpc_attachment,,,
0.55,ref:aws_dms_replication_subnet_group.subnet_ids->aws_subnet.id,,schema_reference_hint,5.90.0,REQUIRES_VALUE_OF_TYPE,,subnet_ids,aws_dms_replication_subnet_group,1,id,aws_subnet,,,
0.55,ref:aws_appsync_datasource.->aws_dynamodb_table.id,,documentation_example,5.90.0,REQUIRES_VALUE_OF_TYPE,,,aws_appsync_datasource,1,id,aws_dynamodb_table,,,
0.55,ref:aws_sagemaker_domain.->aws_iam_policy_document.id,,documentation_example,5.90.0,REQUIRES_VALUE_OF_TYPE,,,aws_sagemaker_domain,1,id,aws_iam_policy_document,,,
0.55,ref:aws_appstream_fleet_stack_association.->aws_appstream_fleet.id,,documentation_example,5.90.0,REQUIRES_VALUE_OF_TYPE,,,aws_appstream_fleet_stack_association,1,id,aws_appstream_fleet,,,
0.55,ref:aws_lb_listener.->aws_cognito_user_pool_domain.id,,documentation_example,5.90.0,REQUIRES_VALUE_OF_TYPE,,,aws_lb_listener,1,id,aws_cognito_user_pool_domain,,,
0.55,ref:aws_glue_trigger.->aws_glue_job.id,,documentation_example,5.90.0,REQUIRES_VALUE_OF_TYPE,,,aws_glue_trigger,1,id,aws_glue_job,,,
0.55,ref:aws_guardduty_threatintelset.->aws_s3_object.id,,documentation_example,5.90.0,REQUIRES_VALUE_OF_TYPE,,,aws_guardduty_threatintelset,1,id,aws_s3_object,,,
0.55,ref:aws_detective_invitation_accepter.->aws_detective_graph.id,,documentation_example,5.90.0,REQUIRES_VALUE_OF_TYPE,,,aws_detective_invitation_accepter,1,id,aws_detective_graph,,,
0.55,ref:aws_inspector_assessment_template.->aws_sns_topic.id,,documentation_example,5.90.0,REQUIRES_VALUE_OF_TYPE,,,aws_inspector_assessment_template,1,id,aws_sns_topic,,,
0.55,ref:aws_vpc_peering_connection_options.->aws_vpc_peering_connection.id,,documentation_example,5.90.0,REQUIRES_VALUE_OF_TYPE,,,aws_vpc_peering_connection_options,1,id,aws_vpc_peering_connection,,,
0.55,ref:aws_vpc_endpoint.->aws_lb.id,,documentation_example,5.90.0,REQUIRES_VALUE_OF_TYPE,,,aws_vpc_endpoint,1,id,aws_lb,,,
0.55,ref:aws_iam_group_policy_attachment.policy_arn->aws_iam_policy.id,,schema_reference_hint,5.90.0,REQUIRES_VALUE_OF_TYPE,,policy_arn,aws_iam_group_policy_attachment,1,id,aws_iam_policy,,,
0.55,ref:aws_s3control_access_grant.->aws_s3control_access_grants_location.id,,documentation_example,5.90.0,REQUIRES_VALUE_OF_TYPE,,,aws_s3control_access_grant,1,id,aws_s3control_access_grants_location,,,
0.55,ref:aws_secretsmanager_secret_version.->aws_secretsmanager_secret.id,,documentation_example,5.90.0,REQUIRES_VALUE_OF_TYPE,,,aws_secretsmanager_secret_version,1,id,aws_secretsmanager_secret,,,
0.55,ref:aws_lexv2models_slot.->aws_lexv2models_intent.id,,documentation_example,5.90.0,REQUIRES_VALUE_OF_TYPE,,,aws_lexv2models_slot,1,id,aws_lexv2models_intent,,,
0.55,ref:aws_networkfirewall_firewall.subnet_id->aws_subnet.id,,schema_reference_hint,5.90.0,REQUIRES_VALUE_OF_TYPE,,subnet_id,aws_networkfirewall_firewall,1,id,aws_subnet,,,
0.55,ref:aws_s3_bucket_inventory.->aws_s3_bucket.id,,documentation_example,5.90.0,REQUIRES_VALUE_OF_TYPE,,,aws_s3_bucket_inventory,1,id,aws_s3_bucket,,,
0.55,ref:aws_kinesis_firehose_delivery_stream.->aws_region.id,,documentation_example,5.90.0,REQUIRES_VALUE_OF_TYPE,,,aws_kinesis_firehose_delivery_stream,1,id,aws_region,,,
0.55,ref:aws_apigatewayv2_vpc_link.->aws_subnets.id,,documentation_example,5.90.0,REQUIRES_VALUE_OF_TYPE,,,aws_apigatewayv2_vpc_link,1,id,aws_subnets,,,
0.55,ref:aws_ssmincidents_response_plan.->aws_ssmincidents_replication_set.id,,documentation_example,5.90.0,REQUIRES_VALUE_OF_TYPE,,,aws_ssmincidents_response_plan,1,id,aws_ssmincidents_replication_set,,,
0.55,ref:aws_finspace_kx_dataview.->aws_finspace_kx_database.id,,documentation_example,5.90.0,REQUIRES_VALUE_OF_TYPE,,,aws_finspace_kx_dataview,1,id,aws_finspace_kx_database,,,
0.55,ref:aws_bedrockagent_agent_alias.->aws_caller_identity.id,,documentation_example,5.90.0,REQUIRES_VALUE_OF_TYPE,,,aws_bedrockagent_agent_alias,1,id,aws_caller_identity,,,
0.55,ref:aws_sagemaker_mlflow_tracking_server.->aws_s3_bucket.id,,documentation_example,5.90.0,REQUIRES_VALUE_OF_TYPE,,,aws_sagemaker_mlflow_tracking_server,1,id,aws_s3_bucket,,,
0.55,ref:aws_cloudsearch_domain_service_access_policy.->aws_iam_policy_document.id,,documentation_example,5.90.0,REQUIRES_VALUE_OF_TYPE,,,aws_cloudsearch_domain_service_access_policy,1,id,aws_iam_policy_document,,,
0.55,ref:aws_cloudtrail_event_data_store.->aws_dynamodb_table.id,,documentation_example,5.90.0,REQUIRES_VALUE_OF_TYPE,,,aws_cloudtrail_event_data_store,1,id,aws_dynamodb_table,,,
0.55,ref:aws_ec2_subnet_cidr_reservation.->aws_subnet.id,,documentation_example,5.90.0,REQUIRES_VALUE_OF_TYPE,,,aws_ec2_subnet_cidr_reservation,1,id,aws_subnet,,,
0.55,ref:aws_dms_replication_instance.vpc_security_group_ids->aws_security_group.id,,schema_reference_hint,5.90.0,REQUIRES_VALUE_OF_TYPE,,vpc_security_group_ids,aws_dms_replication_instance,1,id,aws_security_group,,,
0.55,ref:aws_ebs_snapshot.->aws_ebs_volume.id,,documentation_example,5.90.0,REQUIRES_VALUE_OF_TYPE,,,aws_ebs_snapshot,1,id,aws_ebs_volume,,,
0.55,ref:aws_flow_log.->aws_s3_bucket.id,,documentation_example,5.90.0,REQUIRES_VALUE_OF_TYPE,,,aws_flow_log,1,id,aws_s3_bucket,,,
0.55,ref:aws_pinpoint_event_stream.->aws_iam_role.id,,documentation_example,5.90.0,REQUIRES_VALUE_OF_TYPE,,,aws_pinpoint_event_stream,1,id,aws_iam_role,,,
0.55,ref:aws_lightsail_disk_attachment.->aws_lightsail_disk.id,,documentation_example,5.90.0,REQUIRES_VALUE_OF_TYPE,,,aws_lightsail_disk_attachment,1,id,aws_lightsail_disk,,,
0.55,ref:aws_cloudhsm_v2_cluster.->aws_availability_zones.id,,documentation_example,5.90.0,REQUIRES_VALUE_OF_TYPE,,,aws_cloudhsm_v2_cluster,1,id,aws_availability_zones,,,
0.55,ref:aws_config_conformance_pack.->aws_s3_bucket.id,,documentation_example,5.90.0,REQUIRES_VALUE_OF_TYPE,,,aws_config_conformance_pack,1,id,aws_s3_bucket,,,
0.55,ref:aws_ec2_traffic_mirror_session.->aws_ec2_traffic_mirror_target.id,,documentation_example,5.90.0,REQUIRES_VALUE_OF_TYPE,,,aws_ec2_traffic_mirror_session,1,id,aws_ec2_traffic_mirror_target,,,
0.55,ref:aws_acmpca_certificate_authority.->aws_s3_bucket.id,,documentation_example,5.90.0,REQUIRES_VALUE_OF_TYPE,,,aws_acmpca_certificate_authority,1,id,aws_s3_bucket,,,
0.55,ref:aws_fsx_backup.->aws_directory_service_directory.id,,documentation_example,5.90.0,REQUIRES_VALUE_OF_TYPE,,,aws_fsx_backup,1,id,aws_directory_service_directory,,,
0.55,ref:aws_rds_cluster_activity_stream.kms_key_id->aws_kms_key.id,,schema_reference_hint,5.90.0,REQUIRES_VALUE_OF_TYPE,,kms_key_id,aws_rds_cluster_activity_stream,1,id,aws_kms_key,,,
0.55,ref:aws_route53_key_signing_key.->aws_route53_zone.id,,documentation_example,5.90.0,REQUIRES_VALUE_OF_TYPE,,,aws_route53_key_signing_key,1,id,aws_route53_zone,,,
0.55,ref:aws_service_discovery_instance.->aws_service_discovery_private_dns_namespace.id,,documentation_example,5.90.0,REQUIRES_VALUE_OF_TYPE,,,aws_service_discovery_instance,1,id,aws_service_discovery_private_dns_namespace,,,
0.55,ref:aws_s3_object.bucket->aws_s3_bucket.id,,schema_reference_hint,5.90.0,REQUIRES_VALUE_OF_TYPE,,bucket,aws_s3_object,1,id,aws_s3_bucket,,,
0.55,ref:aws_route.->aws_vpc.id,,documentation_example,5.90.0,REQUIRES_VALUE_OF_TYPE,,,aws_route,1,id,aws_vpc,,,
0.55,ref:aws_appsync_graphql_api.->aws_cognito_user_pool.id,,documentation_example,5.90.0,REQUIRES_VALUE_OF_TYPE,,,aws_appsync_graphql_api,1,id,aws_cognito_user_pool,,,
0.55,ref:aws_lexv2models_slot.->aws_lexv2models_bot_version.id,,documentation_example,5.90.0,REQUIRES_VALUE_OF_TYPE,,,aws_lexv2models_slot,1,id,aws_lexv2models_bot_version,,,
0.55,ref:aws_glacier_vault_lock.->aws_glacier_vault.id,,documentation_example,5.90.0,REQUIRES_VALUE_OF_TYPE,,,aws_glacier_vault_lock,1,id,aws_glacier_vault,,,
0.55,ref:aws_transfer_access.->aws_efs_file_system.id,,documentation_example,5.90.0,REQUIRES_VALUE_OF_TYPE,,,aws_transfer_access,1,id,aws_efs_file_system,,,
0.55,ref:aws_vpc_ipam_preview_next_cidr.->aws_vpc_ipam.id,,documentation_example,5.90.0,REQUIRES_VALUE_OF_TYPE,,,aws_vpc_ipam_preview_next_cidr,1,id,aws_vpc_ipam,,,
0.55,ref:aws_s3_bucket_notification.->aws_sqs_queue.id,,documentation_example,5.90.0,REQUIRES_VALUE_OF_TYPE,,,aws_s3_bucket_notification,1,id,aws_sqs_queue,,,
0.55,ref:aws_sagemaker_notebook_instance.role_arn->aws_iam_role.id,,schema_reference_hint,5.90.0,REQUIRES_VALUE_OF_TYPE,,role_arn,aws_sagemaker_notebook_instance,1,id,aws_iam_role,,,
0.55,ref:aws_kendra_experience.->aws_kendra_faq.id,,documentation_example,5.90.0,REQUIRES_VALUE_OF_TYPE,,,aws_kendra_experience,1,id,aws_kendra_faq,,,
0.55,ref:aws_autoscalingplans_scaling_plan.->aws_launch_configuration.id,,documentation_example,5.90.0,REQUIRES_VALUE_OF_TYPE,,,aws_autoscalingplans_scaling_plan,1,id,aws_launch_configuration,,,
0.55,ref:aws_eks_addon_version.->aws_eks_cluster.id,,documentation_example,5.90.0,REQUIRES_VALUE_OF_TYPE,,,aws_eks_addon_version,1,id,aws_eks_cluster,,,
0.55,ref:aws_ses_domain_mail_from.->aws_route53_zone.id,,documentation_example,5.90.0,REQUIRES_VALUE_OF_TYPE,,,aws_ses_domain_mail_from,1,id,aws_route53_zone,,,
0.55,ref:aws_lambda_event_source_mapping.->aws_lambda_function.id,,documentation_example,5.90.0,REQUIRES_VALUE_OF_TYPE,,,aws_lambda_event_source_mapping,1,id,aws_lambda_function,,,
0.55,ref:aws_guardduty_filter.->aws_guardduty_detector.id,,documentation_example,5.90.0,REQUIRES_VALUE_OF_TYPE,,,aws_guardduty_filter,1,id,aws_guardduty_detector,,,
0.55,ref:aws_vpc_peering_connection.->aws_vpc.id,,documentation_example,5.90.0,REQUIRES_VALUE_OF_TYPE,,,aws_vpc_peering_connection,1,id,aws_vpc,,,
0.55,ref:aws_elasticsearch_domain_policy.->aws_elasticsearch_domain.id,,documentation_example,5.90.0,REQUIRES_VALUE_OF_TYPE,,,aws_elasticsearch_domain_policy,1,id,aws_elasticsearch_domain,,,
0.55,ref:aws_db_proxy_endpoint.->aws_db_proxy.id,,documentation_example,5.90.0,REQUIRES_VALUE_OF_TYPE,,,aws_db_proxy_endpoint,1,id,aws_db_proxy,,,
0.55,ref:aws_vpc_endpoint_service.->aws_lb.id,,documentation_example,5.90.0,REQUIRES_VALUE_OF_TYPE,,,aws_vpc_endpoint_service,1,id,aws_lb,,,
0.55,ref:aws_outposts_asset.->aws_outposts_assets.id,,documentation_example,5.90.0,REQUIRES_VALUE_OF_TYPE,,,aws_outposts_asset,1,id,aws_outposts_assets,,,
0.55,ref:aws_redshiftdata_statement.->aws_redshift_cluster.id,,documentation_example,5.90.0,REQUIRES_VALUE_OF_TYPE,,,aws_redshiftdata_statement,1,id,aws_redshift_cluster,,,
0.55,ref:aws_neptune_subnet_group.subnet_ids->aws_subnet.id,,schema_reference_hint,5.90.0,REQUIRES_VALUE_OF_TYPE,,subnet_ids,aws_neptune_subnet_group,1,id,aws_subnet,,,
0.55,ref:aws_iam_principal_policy_simulation.->aws_iam_user.id,,documentation_example,5.90.0,REQUIRES_VALUE_OF_TYPE,,,aws_iam_principal_policy_simulation,1,id,aws_iam_user,,,
0.55,ref:aws_appautoscaling_policy.resource_id->aws_api_gateway_resource.id,,schema_reference_hint,5.90.0,REQUIRES_VALUE_OF_TYPE,,resource_id,aws_appautoscaling_policy,1,id,aws_api_gateway_resource,,,
0.55,ref:aws_ssmcontacts_contact_channel.->aws_ssmcontacts_contact.id,,documentation_example,5.90.0,REQUIRES_VALUE_OF_TYPE,,,aws_ssmcontacts_contact_channel,1,id,aws_ssmcontacts_contact,,,
0.55,ref:aws_rds_cluster_endpoint.->aws_rds_cluster.id,,documentation_example,5.90.0,REQUIRES_VALUE_OF_TYPE,,,aws_rds_cluster_endpoint,1,id,aws_rds_cluster,,,
0.55,ref:aws_timestreaminfluxdb_db_instance.->aws_subnet.id,,documentation_example,5.90.0,REQUIRES_VALUE_OF_TYPE,,,aws_timestreaminfluxdb_db_instance,1,id,aws_subnet,,,
0.55,ref:aws_rds_global_cluster.->aws_rds_cluster.id,,documentation_example,5.90.0,REQUIRES_VALUE_OF_TYPE,,,aws_rds_global_cluster,1,id,aws_rds_cluster,,,
0.55,ref:aws_verifiedaccess_endpoint.->aws_acm_certificate.id,,documentation_example,5.90.0,REQUIRES_VALUE_OF_TYPE,,,aws_verifiedaccess_endpoint,1,id,aws_acm_certificate,,,
0.55,ref:aws_sagemaker_data_quality_job_definition.->aws_s3_bucket.id,,documentation_example,5.90.0,REQUIRES_VALUE_OF_TYPE,,,aws_sagemaker_data_quality_job_definition,1,id,aws_s3_bucket,,,
0.55,ref:aws_ec2_local_gateway_route_table_vpc_association.->aws_ec2_local_gateway_route_table.id,,documentation_example,5.90.0,REQUIRES_VALUE_OF_TYPE,,,aws_ec2_local_gateway_route_table_vpc_association,1,id,aws_ec2_local_gateway_route_table,,,
0.55,ref:aws_guardduty_threatintelset.->aws_s3_object.id,,documentation_example,5.90.0,REQUIRES_VALUE_OF_TYPE,,,aws_guardduty_threatintelset,1,id,aws_s3_object,,,
0.55,ref:aws_ssoadmin_principal_application_assignments.->aws_identitystore_user.id,,documentation_example,5.90.0,REQUIRES_VALUE_OF_TYPE,,,aws_ssoadmin_principal_application_assignments,1,id,aws_identitystore_user,,,
0.55,ref:aws_datasync_location_fsx_openzfs_file_system.->aws_security_group.id,,documentation_example,5.90.0,REQUIRES_VALUE_OF_TYPE,,,aws_datasync_location_fsx_openzfs_file_system,1,id,aws_security_group,,,
0.55,ref:aws_vpn_connection.->aws_ec2_transit_gateway.id,,documentation_example,5.90.0,REQUIRES_VALUE_OF_TYPE,,,aws_vpn_connection,1,id,aws_ec2_transit_gateway,,,
0.55,ref:aws_iam_policy_attachment.->aws_iam_policy.id,,documentation_example,5.90.0,REQUIRES_VALUE_OF_TYPE,,,aws_iam_policy_attachment,1,id,aws_iam_policy,,,
0.55,ref:aws_macie2_classification_export_configuration.->aws_kms_key.id,,documentation_example,5.90.0,REQUIRES_VALUE_OF_TYPE,,,aws_macie2_classification_export_configuration,1,id,aws_kms_key,,,
0.55,ref:aws_iam_principal_policy_simulation.->aws_iam_user_policy.id,,documentation_example,5.90.0,REQUIRES_VALUE_OF_TYPE,,,aws_iam_principal_policy_simulation,1,id,aws_iam_user_policy,,,
0.55,ref:aws_db_proxy_target.->aws_db_instance.id,,documentation_example,5.90.0,REQUIRES_VALUE_OF_TYPE,,,aws_db_proxy_target,1,id,aws_db_instance,,,
0.55,ref:aws_rds_cluster.->aws_kms_key.id,,documentation_example,5.90.0,REQUIRES_VALUE_OF_TYPE,,,aws_rds_cluster,1,id,aws_kms_key,,,
0.55,ref:aws_shield_protection.->aws_eip.id,,documentation_example,5.90.0,REQUIRES_VALUE_OF_TYPE,,,aws_shield_protection,1,id,aws_eip,,,
0.55,ref:aws_storagegateway_stored_iscsi_volume.->aws_ebs_snapshot.id,,documentation_example,5.90.0,REQUIRES_VALUE_OF_TYPE,,,aws_storagegateway_stored_iscsi_volume,1,id,aws_ebs_snapshot,,,
0.55,ref:aws_ec2_transit_gateway_peering_attachment.->aws_ec2_transit_gateway.id,,documentation_example,5.90.0,REQUIRES_VALUE_OF_TYPE,,,aws_ec2_transit_gateway_peering_attachment,1,id,aws_ec2_transit_gateway,,,
0.55,ref:aws_kendra_thesaurus.role_arn->aws_iam_role.id,,schema_reference_hint,5.90.0,REQUIRES_VALUE_OF_TYPE,,role_arn,aws_kendra_thesaurus,1,id,aws_iam_role,,,
0.55,ref:aws_vpc_endpoint.subnet_id->aws_subnet.id,,schema_reference_hint,5.90.0,REQUIRES_VALUE_OF_TYPE,,subnet_id,aws_vpc_endpoint,1,id,aws_subnet,,,
0.55,ref:aws_rekognition_stream_processor.->aws_s3_bucket.id,,documentation_example,5.90.0,REQUIRES_VALUE_OF_TYPE,,,aws_rekognition_stream_processor,1,id,aws_s3_bucket,,,
0.55,ref:aws_route.gateway_id->aws_internet_gateway.id,,schema_reference_hint,5.90.0,REQUIRES_VALUE_OF_TYPE,,gateway_id,aws_route,1,id,aws_internet_gateway,,,
0.55,ref:aws_dx_bgp_peer.->aws_dx_private_virtual_interface.id,,documentation_example,5.90.0,REQUIRES_VALUE_OF_TYPE,,,aws_dx_bgp_peer,1,id,aws_dx_private_virtual_interface,,,
0.55,ref:aws_guardduty_invite_accepter.->aws_guardduty_detector.id,,documentation_example,5.90.0,REQUIRES_VALUE_OF_TYPE,,,aws_guardduty_invite_accepter,1,id,aws_guardduty_detector,,,
0.55,ref:aws_bcmdataexports_export.->aws_s3_bucket.id,,documentation_example,5.90.0,REQUIRES_VALUE_OF_TYPE,,,aws_bcmdataexports_export,1,id,aws_s3_bucket,,,
0.55,ref:aws_spot_fleet_request.kms_key_id->aws_kms_key.id,,schema_reference_hint,5.90.0,REQUIRES_VALUE_OF_TYPE,,kms_key_id,aws_spot_fleet_request,1,id,aws_kms_key,,,
0.55,ref:aws_cloudwatch_log_delivery_destination_policy.->aws_cloudwatch_log_delivery_destination.id,,documentation_example,5.90.0,REQUIRES_VALUE_OF_TYPE,,,aws_cloudwatch_log_delivery_destination_policy,1,id,aws_cloudwatch_log_delivery_destination,,,
0.55,ref:aws_transfer_server.->aws_subnet.id,,documentation_example,5.90.0,REQUIRES_VALUE_OF_TYPE,,,aws_transfer_server,1,id,aws_subnet,,,
0.55,ref:aws_amplify_backend_environment.->aws_amplify_app.id,,documentation_example,5.90.0,REQUIRES_VALUE_OF_TYPE,,,aws_amplify_backend_environment,1,id,aws_amplify_app,,,
0.55,ref:aws_lambda_function_event_invoke_config.->aws_lambda_alias.id,,documentation_example,5.90.0,REQUIRES_VALUE_OF_TYPE,,,aws_lambda_function_event_invoke_config,1,id,aws_lambda_alias,,,
0.55,ref:aws_route53_record.->aws_route53_zone.id,,documentation_example,5.90.0,REQUIRES_VALUE_OF_TYPE,,,aws_route53_record,1,id,aws_route53_zone,,,
0.55,ref:aws_bedrockagent_agent.->aws_iam_role.id,,documentation_example,5.90.0,REQUIRES_VALUE_OF_TYPE,,,aws_bedrockagent_agent,1,id,aws_iam_role,,,
0.55,ref:aws_wafv2_web_acl_association.->aws_api_gateway_rest_api.id,,documentation_example,5.90.0,REQUIRES_VALUE_OF_TYPE,,,aws_wafv2_web_acl_association,1,id,aws_api_gateway_rest_api,,,
0.55,ref:aws_default_network_acl.subnet_ids->aws_subnet.id,,schema_reference_hint,5.90.0,REQUIRES_VALUE_OF_TYPE,,subnet_ids,aws_default_network_acl,1,id,aws_subnet,,,
0.55,ref:aws_vpc_ipv6_cidr_block_association.->aws_vpc_ipam_pool.id,,documentation_example,5.90.0,REQUIRES_VALUE_OF_TYPE,,,aws_vpc_ipv6_cidr_block_association,1,id,aws_vpc_ipam_pool,,,
0.55,ref:aws_medialive_channel.->aws_medialive_input.id,,documentation_example,5.90.0,REQUIRES_VALUE_OF_TYPE,,,aws_medialive_channel,1,id,aws_medialive_input,,,
0.55,ref:aws_cloudfront_distribution.->aws_s3_bucket.id,,documentation_example,5.90.0,REQUIRES_VALUE_OF_TYPE,,,aws_cloudfront_distribution,1,id,aws_s3_bucket,,,
0.55,ref:aws_storagegateway_file_system_association.->aws_ssm_parameter.id,,documentation_example,5.90.0,REQUIRES_VALUE_OF_TYPE,,,aws_storagegateway_file_system_association,1,id,aws_ssm_parameter,,,
0.55,ref:aws_cleanrooms_membership.role_arn->aws_iam_role.id,,schema_reference_hint,5.90.0,REQUIRES_VALUE_OF_TYPE,,role_arn,aws_cleanrooms_membership,1,id,aws_iam_role,,,
0.55,ref:aws_lb_target_group_attachment.target_group_arn->aws_lb_target_group.id,,schema_reference_hint,5.90.0,REQUIRES_VALUE_OF_TYPE,,target_group_arn,aws_lb_target_group_attachment,1,id,aws_lb_target_group,,,
0.55,ref:aws_sagemaker_domain.security_group_ids->aws_security_group.id,,schema_reference_hint,5.90.0,REQUIRES_VALUE_OF_TYPE,,security_group_ids,aws_sagemaker_domain,1,id,aws_security_group,,,
0.55,ref:aws_cloudwatch_log_delivery.->aws_cloudwatch_log_delivery_destination.id,,documentation_example,5.90.0,REQUIRES_VALUE_OF_TYPE,,,aws_cloudwatch_log_delivery,1,id,aws_cloudwatch_log_delivery_destination,,,
0.55,ref:aws_rds_export_task.->aws_s3_bucket.id,,documentation_example,5.90.0,REQUIRES_VALUE_OF_TYPE,,,aws_rds_export_task,1,id,aws_s3_bucket,,,
0.55,ref:aws_quicksight_dashboard.->aws_quicksight_data_set.id,,documentation_example,5.90.0,REQUIRES_VALUE_OF_TYPE,,,aws_quicksight_dashboard,1,id,aws_quicksight_data_set,,,
0.55,ref:aws_lb.subnet_id->aws_subnet.id,,schema_reference_hint,5.90.0,REQUIRES_VALUE_OF_TYPE,,subnet_id,aws_lb,1,id,aws_subnet,,,
0.55,ref:aws_servicecatalogappregistry_attribute_group_association.->aws_servicecatalogappregistry_application.id,,documentation_example,5.90.0,REQUIRES_VALUE_OF_TYPE,,,aws_servicecatalogappregistry_attribute_group_association,1,id,aws_servicecatalogappregistry_application,,,
0.55,ref:aws_ec2_managed_prefix_list.->aws_vpc.id,,documentation_example,5.90.0,REQUIRES_VALUE_OF_TYPE,,,aws_ec2_managed_prefix_list,1,id,aws_vpc,,,
0.55,ref:aws_kinesis_firehose_delivery_stream.->aws_iam_policy_document.id,,documentation_example,5.90.0,REQUIRES_VALUE_OF_TYPE,,,aws_kinesis_firehose_delivery_stream,1,id,aws_iam_policy_document,,,
0.55,ref:aws_rds_cluster_instance.->aws_rds_cluster.id,,documentation_example,5.90.0,REQUIRES_VALUE_OF_TYPE,,,aws_rds_cluster_instance,1,id,aws_rds_cluster,,,
0.55,ref:aws_ec2_transit_gateway_connect.->aws_ec2_transit_gateway_vpc_attachment.id,,documentation_example,5.90.0,REQUIRES_VALUE_OF_TYPE,,,aws_ec2_transit_gateway_connect,1,id,aws_ec2_transit_gateway_vpc_attachment,,,
0.55,ref:aws_s3_access_point.->aws_vpc.id,,documentation_example,5.90.0,REQUIRES_VALUE_OF_TYPE,,,aws_s3_access_point,1,id,aws_vpc,,,
0.55,ref:aws_chatbot_slack_channel_configuration.->aws_iam_role.id,,documentation_example,5.90.0,REQUIRES_VALUE_OF_TYPE,,,aws_chatbot_slack_channel_configuration,1,id,aws_iam_role,,,
0.55,ref:aws_grafana_license_association.->aws_grafana_workspace.id,,documentation_example,5.90.0,REQUIRES_VALUE_OF_TYPE,,,aws_grafana_license_association,1,id,aws_grafana_workspace,,,
0.55,ref:aws_kinesis_firehose_delivery_stream.->aws_s3_bucket.id,,documentation_example,5.90.0,REQUIRES_VALUE_OF_TYPE,,,aws_kinesis_firehose_delivery_stream,1,id,aws_s3_bucket,,,
0.55,ref:aws_kms_replica_key.->aws_kms_key.id,,documentation_example,5.90.0,REQUIRES_VALUE_OF_TYPE,,,aws_kms_replica_key,1,id,aws_kms_key,,,
0.55,ref:aws_elastic_beanstalk_environment.->aws_elastic_beanstalk_application.id,,documentation_example,5.90.0,REQUIRES_VALUE_OF_TYPE,,,aws_elastic_beanstalk_environment,1,id,aws_elastic_beanstalk_application,,,
0.55,ref:aws_vpc_endpoint_connection_accepter.->aws_security_group.id,,documentation_example,5.90.0,REQUIRES_VALUE_OF_TYPE,,,aws_vpc_endpoint_connection_accepter,1,id,aws_security_group,,,
0.55,ref:aws_timestreamquery_scheduled_query.->aws_iam_role.id,,documentation_example,5.90.0,REQUIRES_VALUE_OF_TYPE,,,aws_timestreamquery_scheduled_query,1,id,aws_iam_role,,,
0.55,ref:aws_connect_lambda_function_association.->aws_connect_instance.id,,documentation_example,5.90.0,REQUIRES_VALUE_OF_TYPE,,,aws_connect_lambda_function_association,1,id,aws_connect_instance,,,
0.55,ref:aws_eks_node_group.->aws_iam_role.id,,documentation_example,5.90.0,REQUIRES_VALUE_OF_TYPE,,,aws_eks_node_group,1,id,aws_iam_role,,,
0.55,ref:aws_ec2_transit_gateway_multicast_domain.->aws_vpc.id,,documentation_example,5.90.0,REQUIRES_VALUE_OF_TYPE,,,aws_ec2_transit_gateway_multicast_domain,1,id,aws_vpc,,,
0.55,ref:aws_kendra_data_source.role_arn->aws_iam_role.id,,schema_reference_hint,5.90.0,REQUIRES_VALUE_OF_TYPE,,role_arn,aws_kendra_data_source,1,id,aws_iam_role,,,
0.55,ref:aws_devicefarm_network_profile.->aws_devicefarm_project.id,,documentation_example,5.90.0,REQUIRES_VALUE_OF_TYPE,,,aws_devicefarm_network_profile,1,id,aws_devicefarm_project,,,
0.55,ref:aws_ssoadmin_permissions_boundary_attachment.->aws_ssoadmin_permission_set.id,,documentation_example,5.90.0,REQUIRES_VALUE_OF_TYPE,,,aws_ssoadmin_permissions_boundary_attachment,1,id,aws_ssoadmin_permission_set,,,
0.55,ref:aws_kms_grant.->aws_kms_key.id,,documentation_example,5.90.0,REQUIRES_VALUE_OF_TYPE,,,aws_kms_grant,1,id,aws_kms_key,,,
0.55,ref:aws_glue_dev_endpoint.->aws_iam_policy_document.id,,documentation_example,5.90.0,REQUIRES_VALUE_OF_TYPE,,,aws_glue_dev_endpoint,1,id,aws_iam_policy_document,,,
0.55,ref:aws_rds_export_task.->aws_iam_policy_document.id,,documentation_example,5.90.0,REQUIRES_VALUE_OF_TYPE,,,aws_rds_export_task,1,id,aws_iam_policy_document,,,
0.55,ref:aws_vpn_connection.->aws_vpn_gateway.id,,documentation_example,5.90.0,REQUIRES_VALUE_OF_TYPE,,,aws_vpn_connection,1,id,aws_vpn_gateway,,,
0.55,ref:aws_ecs_task_execution.->aws_ecs_task_definition.id,,documentation_example,5.90.0,REQUIRES_VALUE_OF_TYPE,,,aws_ecs_task_execution,1,id,aws_ecs_task_definition,,,
0.55,ref:aws_sesv2_configuration_set_event_destination.->aws_pinpoint_app.id,,documentation_example,5.90.0,REQUIRES_VALUE_OF_TYPE,,,aws_sesv2_configuration_set_event_destination,1,id,aws_pinpoint_app,,,
0.55,ref:aws_cloud9_environment_membership.->aws_iam_user.id,,documentation_example,5.90.0,REQUIRES_VALUE_OF_TYPE,,,aws_cloud9_environment_membership,1,id,aws_iam_user,,,
0.55,ref:aws_memorydb_multi_region_cluster.->aws_security_group.id,,documentation_example,5.90.0,REQUIRES_VALUE_OF_TYPE,,,aws_memorydb_multi_region_cluster,1,id,aws_security_group,,,
0.55,ref:aws_elasticsearch_domain.->aws_caller_identity.id,,documentation_example,5.90.0,REQUIRES_VALUE_OF_TYPE,,,aws_elasticsearch_domain,1,id,aws_caller_identity,,,
0.55,ref:aws_bedrock_model_invocation_logging_configuration.role_arn->aws_iam_role.id,,schema_reference_hint,5.90.0,REQUIRES_VALUE_OF_TYPE,,role_arn,aws_bedrock_model_invocation_logging_configuration,1,id,aws_iam_role,,,
0.55,ref:aws_wafv2_web_acl_association.->aws_api_gateway_deployment.id,,documentation_example,5.90.0,REQUIRES_VALUE_OF_TYPE,,,aws_wafv2_web_acl_association,1,id,aws_api_gateway_deployment,,,
0.55,ref:aws_bedrockagent_agent_collaborator.->aws_partition.id,,documentation_example,5.90.0,REQUIRES_VALUE_OF_TYPE,,,aws_bedrockagent_agent_collaborator,1,id,aws_partition,,,
0.55,ref:aws_msk_cluster.->aws_s3_bucket.id,,documentation_example,5.90.0,REQUIRES_VALUE_OF_TYPE,,,aws_msk_cluster,1,id,aws_s3_bucket,,,
0.55,ref:aws_api_gateway_integration.->aws_api_gateway_method.id,,documentation_example,5.90.0,REQUIRES_VALUE_OF_TYPE,,,aws_api_gateway_integration,1,id,aws_api_gateway_method,,,
0.55,ref:aws_auditmanager_assessment.->aws_iam_role.id,,documentation_example,5.90.0,REQUIRES_VALUE_OF_TYPE,,,aws_auditmanager_assessment,1,id,aws_iam_role,,,
0.55,ref:aws_lambda_provisioned_concurrency_config.->aws_lambda_alias.id,,documentation_example,5.90.0,REQUIRES_VALUE_OF_TYPE,,,aws_lambda_provisioned_concurrency_config,1,id,aws_lambda_alias,,,
0.55,ref:aws_fis_experiment_template.->aws_iam_role.id,,documentation_example,5.90.0,REQUIRES_VALUE_OF_TYPE,,,aws_fis_experiment_template,1,id,aws_iam_role,,,
0.55,ref:aws_ec2_transit_gateway_vpc_attachment.->aws_subnet.id,,documentation_example,5.90.0,REQUIRES_VALUE_OF_TYPE,,,aws_ec2_transit_gateway_vpc_attachment,1,id,aws_subnet,,,
0.55,ref:aws_flow_log.transit_gateway_id->aws_ec2_transit_gateway.id,,schema_reference_hint,5.90.0,REQUIRES_VALUE_OF_TYPE,,transit_gateway_id,aws_flow_log,1,id,aws_ec2_transit_gateway,,,
0.55,ref:aws_bedrock_custom_model.->aws_iam_role.id,,documentation_example,5.90.0,REQUIRES_VALUE_OF_TYPE,,,aws_bedrock_custom_model,1,id,aws_iam_role,,,
0.55,ref:aws_codeartifact_domain_permissions_policy.->aws_codeartifact_domain.id,,documentation_example,5.90.0,REQUIRES_VALUE_OF_TYPE,,,aws_codeartifact_domain_permissions_policy,1,id,aws_codeartifact_domain,,,
0.55,ref:aws_cloudformation_stack_set_instance.->aws_cloudformation_stack_set.id,,documentation_example,5.90.0,REQUIRES_VALUE_OF_TYPE,,,aws_cloudformation_stack_set_instance,1,id,aws_cloudformation_stack_set,,,
0.55,ref:aws_s3_object.->aws_s3_bucket.id,,documentation_example,5.90.0,REQUIRES_VALUE_OF_TYPE,,,aws_s3_object,1,id,aws_s3_bucket,,,
0.55,ref:aws_apigatewayv2_stage.->aws_apigatewayv2_api.id,,documentation_example,5.90.0,REQUIRES_VALUE_OF_TYPE,,,aws_apigatewayv2_stage,1,id,aws_apigatewayv2_api,,,
0.55,ref:aws_elasticache_replication_group.kms_key_id->aws_kms_key.id,,schema_reference_hint,5.90.0,REQUIRES_VALUE_OF_TYPE,,kms_key_id,aws_elasticache_replication_group,1,id,aws_kms_key,,,
0.55,ref:aws_cloud9_environment_ec2.->aws_eip.id,,documentation_example,5.90.0,REQUIRES_VALUE_OF_TYPE,,,aws_cloud9_environment_ec2,1,id,aws_eip,,,
0.55,ref:aws_sfn_state_machine_versions.->aws_sfn_state_machine.id,,documentation_example,5.90.0,REQUIRES_VALUE_OF_TYPE,,,aws_sfn_state_machine_versions,1,id,aws_sfn_state_machine,,,
0.55,ref:aws_sagemaker_device_fleet.kms_key_id->aws_kms_key.id,,schema_reference_hint,5.90.0,REQUIRES_VALUE_OF_TYPE,,kms_key_id,aws_sagemaker_device_fleet,1,id,aws_kms_key,,,
0.55,ref:aws_cognito_user_pool_client.->aws_pinpoint_app.id,,documentation_example,5.90.0,REQUIRES_VALUE_OF_TYPE,,,aws_cognito_user_pool_client,1,id,aws_pinpoint_app,,,
0.55,ref:aws_s3_bucket_lifecycle_configuration.->aws_s3_bucket_versioning.id,,documentation_example,5.90.0,REQUIRES_VALUE_OF_TYPE,,,aws_s3_bucket_lifecycle_configuration,1,id,aws_s3_bucket_versioning,,,
0.55,ref:aws_vpc_endpoint.->aws_subnet.id,,documentation_example,5.90.0,REQUIRES_VALUE_OF_TYPE,,,aws_vpc_endpoint,1,id,aws_subnet,,,
0.55,ref:aws_s3control_access_grant.->aws_s3_bucket.id,,documentation_example,5.90.0,REQUIRES_VALUE_OF_TYPE,,,aws_s3control_access_grant,1,id,aws_s3_bucket,,,
0.55,ref:aws_alb_listener_certificate.listener_arn->aws_lb_listener.id,,schema_reference_hint,5.90.0,REQUIRES_VALUE_OF_TYPE,,listener_arn,aws_alb_listener_certificate,1,id,aws_lb_listener,,,
0.55,ref:aws_sfn_alias.->aws_sfn_state_machine.id,,documentation_example,5.90.0,REQUIRES_VALUE_OF_TYPE,,,aws_sfn_alias,1,id,aws_sfn_state_machine,,,
0.55,ref:aws_db_instance.->aws_rds_orderable_db_instance.id,,documentation_example,5.90.0,REQUIRES_VALUE_OF_TYPE,,,aws_db_instance,1,id,aws_rds_orderable_db_instance,,,
0.55,ref:aws_s3_bucket_server_side_encryption_configuration.->aws_kms_key.id,,documentation_example,5.90.0,REQUIRES_VALUE_OF_TYPE,,,aws_s3_bucket_server_side_encryption_configuration,1,id,aws_kms_key,,,
0.55,ref:aws_appautoscaling_target.role_arn->aws_iam_role.id,,schema_reference_hint,5.90.0,REQUIRES_VALUE_OF_TYPE,,role_arn,aws_appautoscaling_target,1,id,aws_iam_role,,,
0.55,ref:aws_sagemaker_workteam.->aws_cognito_user_pool_domain.id,,documentation_example,5.90.0,REQUIRES_VALUE_OF_TYPE,,,aws_sagemaker_workteam,1,id,aws_cognito_user_pool_domain,,,
